region;2013;2014;2015;2016;2017;2018;2019;2020;2021;2022;2023;2024;age;sex
Republic of Karakalpakstan;53570;53813;55530;56209;56210;54869;54273;55092;56395;56715;58031;60012;0-2;female
Andijan region;83519;84900;89821;94245;96312;95808;94507;98884;106399;115669;120353;123955;0-2;female
Bukhara region;48638;49362;51605;53681;54607;54049;54144;55314;57575;59892;62094;64248;0-2;female
Jizzakh region;36412;36755;38869;41437;43162;43302;43941;46370;50084;54185;56650;58056;0-2;female
Kashkadarya region;92181;95097;99759;103270;106317;107378;107798;111144;117753;126600;132852;138366;0-2;female
Navoi region;25944;26256;27245;28100;28996;29085;29729;30414;32215;34549;36494;37866;0-2;female
Namangan region;72919;75563;80155;85020;87182;86600;89055;93862;100337;107455;112952;117569;0-2;female
Samarkand region;106664;108397;113488;118315;121243;121223;124662;129702;136815;144883;151675;157814;0-2;female
Surkhandarya region;76390;77677;79456;82996;86073;87399;89035;93184;98736;105916;111037;117047;0-2;female
Syrdarya region;22515;22747;23511;24412;24647;24776;24880;26500;28199;30768;32100;33060;0-2;female
Tashkent region;76510;75922;77679;79677;80690;78814;78641;82019;87834;92367;98721;103260;0-2;female
Fergana region;98392;99319;103371;108726;111220;110472;111002;115528;124524;134111;140719;146668;0-2;female
Khorezm region;50537;51452;53803;55928;56467;54995;55109;55940;58175;59519;61508;64424;0-2;female
Tashkent city;54617;54797;56701;58461;60775;61928;64211;67838;74919;84683;94766;103385;0-2;female
Republic of Karakalpakstan;54447;55452;54296;53928;54176;56049;56897;56912;55176;54241;54888;56302;3-5;female
Andijan region;86405;88930;85907;84181;85357;90195;94649;96710;95998;94502;98757;106676;3-5;female
Bukhara region;48547;49474;48814;48528;49191;51384;53308;54184;53501;53798;55017;57562;3-5;female
Jizzakh region;38478;38843;37527;36835;37046;39170;41799;43524;43446;43944;46272;50148;3-5;female
Kashkadarya region;90112;92045;91910;94788;97350;101376;104790;107622;107617;107600;110853;118300;3-5;female
Navoi region;25535;25976;25878;26004;26412;27466;28515;29370;29269;29764;30431;32226;3-5;female
Namangan region;75582;74848;73585;72839;75435;79991;84814;86941;86297;88729;93515;100415;3-5;female
Samarkand region;106879;110257;108577;108512;109936;115083;120379;123527;122587;125306;129891;137454;3-5;female
Surkhandarya region;71554;75018;76619;77709;78667;80437;84111;87539;88230;89339;93194;99383;3-5;female
Syrdarya region;23655;23661;23050;22600;22798;23552;24470;24655;24685;24730;26360;28156;3-5;female
Tashkent region;78966;79821;78730;76451;75826;77567;79406;80259;78018;75989;79437;85860;3-5;female
Fergana region;99431;99836;99571;98678;99419;103352;108807;111280;110243;110612;115171;124665;3-5;female
Khorezm region;53245;53020;52929;50494;51333;53646;55768;56250;54647;54798;55703;58140;3-5;female
Tashkent city;61175;61301;58632;55571;55590;58166;60938;64116;66970;70562;73233;78300;3-5;female
Republic of Karakalpakstan;31121;33163;35390;37297;37173;35269;35845;37149;37365;38414;37868;35579;6-7;female
Andijan region;45930;49715;56630;60250;59097;56213;55474;58479;62051;64502;64806;63480;6-7;female
Bukhara region;29275;30202;31864;32891;33014;32101;31819;33234;34786;35975;36153;35295;6-7;female
Jizzakh region;22708;23640;25726;26533;25798;24791;24482;25314;27020;29005;29452;28639;6-7;female
Kashkadarya region;51922;55198;60037;61688;61488;61713;64333;67173;68152;71140;72838;71379;6-7;female
Navoi region;14959;15707;16833;17224;17399;17332;17403;18002;18781;19299;19754;19514;6-7;female
Namangan region;41124;45548;51010;50504;48895;48965;48429;50727;56071;57720;57594;57696;6-7;female
Samarkand region;63240;66543;71183;74358;73589;73086;73054;75371;79396;82630;82913;81600;6-7;female
Surkhandarya region;40957;42981;47029;50144;50288;52151;53018;52607;54695;57932;59198;58926;6-7;female
Syrdarya region;13931;14882;15698;16046;15643;15051;14995;15438;15984;16549;16437;16230;6-7;female
Tashkent region;44082;47747;51302;53746;53520;51136;50379;50483;51948;52385;51697;49516;6-7;female
Fergana region;55154;62000;66271;65968;67393;66365;64682;67156;70911;73908;74904;72463;6-7;female
Khorezm region;31073;33331;34214;35835;36104;33892;33240;34454;36971;37605;37035;36018;6-7;female
Tashkent city;34692;37518;40314;42480;40817;37950;37667;39141;42658;45868;46836;46808;6-7;female
Republic of Karakalpakstan;125259;123442;124346;125403;126987;130889;133788;136378;138832;142137;145069;147080;8-15;female
Andijan region;179766;177402;176294;179634;188982;197909;204906;211204;216848;224424;233121;239263;8-15;female
Bukhara region;113660;112663;112816;114587;116778;118874;120639;122673;124553;127070;130371;133202;8-15;female
Jizzakh region;90452;89288;89496;90687;92804;94852;96474;98002;98896;100414;103104;105651;8-15;female
Kashkadarya region;216455;212867;212184;213170;216514;221040;225841;230304;236437;244527;253143;260758;8-15;female
Navoi region;57053;56563;56803;58029;59805;61620;63613;65242;66469;68202;70343;71612;8-15;female
Namangan region;165995;163933;163249;166392;172659;177458;180945;185939;188813;195119;203850;207339;8-15;female
Samarkand region;244768;239925;243194;245692;254273;261846;269061;276519;282359;290631;298775;306605;8-15;female
Surkhandarya region;171721;165976;164914;165643;169725;174885;179116;185967;191424;197887;205107;212657;8-15;female
Syrdarya region;53938;53566;53997;54911;56246;57744;58289;59331;59915;61102;61989;62757;8-15;female
Tashkent region;173198;169720;169390;173435;178903;185963;190750;195620;197363;195776;200178;202087;8-15;female
Fergana region;217060;212531;211466;218629;225737;234609;242356;249300;252852;260757;268723;272685;8-15;female
Khorezm region;119473;118282;119692;121531;123172;127600;130008;132871;133769;136648;139761;141060;8-15;female
Tashkent city;129194;128900;130671;133931;139549;147455;152227;157467;165704;174853;177834;179763;8-15;female
Republic of Karakalpakstan;31862;32352;31343;30726;32357;31474;30145;29483;30259;30719;30703;32810;16-17;female
Andijan region;57510;52157;49242;47320;43838;41910;43124;42805;43064;44819;45725;49578;16-17;female
Bukhara region;32999;31370;29737;27941;27545;28217;28548;27571;26946;28032;28769;29674;16-17;female
Jizzakh region;27575;25974;23643;22272;22507;22463;22305;21759;21853;22624;22728;23657;16-17;female
Kashkadarya region;63636;59592;56261;55031;55690;53398;51803;52151;51831;51265;51470;54707;16-17;female
Navoi region;16947;16044;14841;14010;13739;13545;13758;13891;14296;14775;14807;15634;16-17;female
Namangan region;53759;48896;43691;42948;41426;39189;40385;40227;40029;41056;40841;45288;16-17;female
Samarkand region;74605;71693;64850;60913;60436;58643;59766;59237;59149;60619;63245;66475;16-17;female
Surkhandarya region;53093;51498;47789;43385;42296;41048;41358;41444;40028;39827;40859;42882;16-17;female
Syrdarya region;14869;14345;13781;13445;13306;13049;13505;13374;13062;13407;13813;14733;16-17;female
Tashkent region;51883;49950;47058;43310;41164;40412;40945;40788;42104;42280;42191;45899;16-17;female
Fergana region;69244;64245;60543;55731;51817;49713;50510;51395;53516;54944;54691;61724;16-17;female
Khorezm region;32395;32087;30648;29889;30495;29488;29012;28258;28746;30024;30735;32975;16-17;female
Tashkent city;36581;35258;33722;32483;32083;31562;31725;32280;34994;38043;39317;42216;16-17;female
Republic of Karakalpakstan;32535;31152;31513;32020;31075;30532;32193;31335;29986;29235;30010;30480;18-19;female
Andijan region;57656;58407;57438;52069;49150;47203;43763;41840;42983;42637;42959;44702;18-19;female
Bukhara region;34656;34160;32903;31291;29654;27850;27416;28084;28329;27361;26798;27921;18-19;female
Jizzakh region;26950;27568;27446;25834;23535;22188;22428;22428;22181;21588;21718;22485;18-19;female
Kashkadarya region;62224;63810;63559;59509;56108;54819;55547;53220;51371;51560;51511;50975;18-19;female
Navoi region;18861;17981;16842;15979;14782;13956;13776;13562;13754;13858;14263;14711;18-19;female
Namangan region;54035;53793;53643;48821;43638;42896;41382;39125;40278;40102;39895;40955;18-19;female
Samarkand region;74750;75365;74447;71563;64712;60752;60244;58391;59428;58772;58797;60409;18-19;female
Surkhandarya region;51181;51643;53020;51393;47723;43329;42248;40987;41162;41116;39776;39652;18-19;female
Syrdarya region;15862;15240;14891;14406;13790;13450;13299;13081;13506;13375;13105;13425;18-19;female
Tashkent region;51898;51925;51544;49592;46715;43106;40943;40247;40631;39290;40646;42052;18-19;female
Fergana region;71696;71414;69206;64148;60428;55600;51732;49636;50367;51011;53312;54762;18-19;female
Khorezm region;34341;33183;32353;32046;30582;29828;30439;29410;28882;28111;28630;29929;18-19;female
Tashkent city;36530;36651;36410;35263;33819;32753;32515;31991;33338;35612;37723;39099;18-19;female
Republic of Karakalpakstan;95990;93669;90526;86466;81032;78481;76194;76768;77566;76641;75327;74734;20-24;female
Andijan region;141834;144586;146056;147711;144324;139106;133882;128784;119207;113044;110014;106567;20-24;female
Bukhara region;91072;90701;90635;88989;85673;82483;78997;75278;72041;70159;69062;67999;20-24;female
Jizzakh region;68130;69018;69370;69435;68254;65931;63564;61236;58390;55951;54546;53903;20-24;female
Kashkadarya region;155764;158120;158759;161339;157850;154395;149063;146497;140119;135130;131369;130291;20-24;female
Navoi region;46635;47176;47206;47242;45305;43340;41084;38828;36941;35405;34596;34323;20-24;female
Namangan region;132754;135127;136632;136781;134926;129955;123307;118751;110881;104008;102082;100343;20-24;female
Samarkand region;184281;185363;187884;188949;186474;182664;174949;168749;159717;152080;146974;146036;20-24;female
Surkhandarya region;125809;128470;128353;130062;129029;129305;124716;121399;115052;108855;104297;101976;20-24;female
Syrdarya region;43292;43171;42133;41316;39691;38307;36830;35920;34838;33807;33683;33127;20-24;female
Tashkent region;137758;135436;132877;131116;127691;124679;120962;116065;110084;101587;98554;96316;20-24;female
Fergana region;172664;174838;178089;180807;177381;171369;164079;155243;144319;135767;130455;126165;20-24;female
Khorezm region;85588;86267;87101;86577;84550;82715;79543;78180;76579;74868;73188;72257;20-24;female
Tashkent city;100673;96252;94023;92915;91974;91776;91131;89944;90531;94432;95329;96117;20-24;female
Republic of Karakalpakstan;86623;88987;89651;90989;93427;93128;90854;88037;84459;78962;76467;74124;25-29;female
Andijan region;128551;131354;132892;134798;137737;140306;143094;144640;146271;142988;137839;132624;25-29;female
Bukhara region;85699;87645;88207;88959;89838;90083;89544;89246;87213;83803;80586;77308;25-29;female
Jizzakh region;59507;61109;62274;64648;65990;67281;68061;68458;68252;66956;64618;62094;25-29;female
Kashkadarya region;141979;147394;150458;151574;154302;156036;157433;157369;158616;154348;150673;145126;25-29;female
Navoi region;44706;45550;46079;45740;46356;46838;47487;47566;47577;45652;43542;40993;25-29;female
Namangan region;115753;120055;123114;126794;129845;132557;134758;136064;136037;133991;128846;122137;25-29;female
Samarkand region;165477;171286;173741;176331;179043;181136;182171;184421;185341;182608;178993;171504;25-29;female
Surkhandarya region;112031;116289;119472;121495;124424;125326;127638;127347;128655;127311;127323;122561;25-29;female
Syrdarya region;41113;42392;43617;43685;43897;43539;43299;42288;41601;40050;38527;36872;25-29;female
Tashkent region;130126;132903;134435;134764;134985;133299;131145;129062;127281;120555;118022;114968;25-29;female
Fergana region;153706;160004;162606;164278;167915;171435;173540;176650;179125;175659;169500;162408;25-29;female
Khorezm region;82756;84208;83964;84108;84564;85511;86243;87068;86258;84170;82194;78850;25-29;female
Tashkent city;106178;107678;106433;103558;102386;100219;99163;99591;103174;108357;109431;109501;25-29;female
Republic of Karakalpakstan;69543;72031;74532;77729;81129;84187;86701;87515;89003;91476;91096;88773;30-34;female
Andijan region;105032;108438;112259;117780;123018;127216;129950;131470;133311;136186;138840;141682;30-34;female
Bukhara region;68969;70909;73666;77539;81232;84582;86607;87043;87355;88053;88210;87679;30-34;female
Jizzakh region;43608;46202;49003;50964;54376;58738;60297;61490;63790;65037;66229;66858;30-34;female
Kashkadarya region;108264;113592;118812;126979;134358;140751;145596;148178;148063;150332;151728;153032;30-34;female
Navoi region;36035;37383;38879;40636;42581;44195;45371;46114;45658;46345;46825;47204;30-34;female
Namangan region;95574;98611;101878;106415;110980;114990;119283;122230;125648;128557;131236;133430;30-34;female
Samarkand region;128904;134444;140934;148720;156152;163105;168762;170957;172885;175230;177464;178474;30-34;female
Surkhandarya region;86403;90736;95025;100624;105739;111018;115195;118342;119779;122400;123084;125325;30-34;female
Syrdarya region;31105;32732;34462;36531;38749;40884;42221;43396;43287;43571;43201;42964;30-34;female
Tashkent region;104326;107055;110985;116205;121764;126890;130089;132111;132623;129031;127401;125805;30-34;female
Fergana region;127860;131233;134026;139960;145656;152477;158811;161398;162801;166247;169857;171664;30-34;female
Khorezm region;69426;71944;74139;77189;80151;82293;83825;83610;83616;84071;85026;85634;30-34;female
Tashkent city;92797;94292;96870;100930;104032;107510;109856;110838;113548;118904;118251;117667;30-34;female
Republic of Karakalpakstan;58749;60376;62453;64292;65583;67872;70457;72951;76109;79322;82311;84634;35-39;female
Andijan region;96959;97028;98353;99246;100586;103846;107239;111035;116421;121505;125653;128388;35-39;female
Bukhara region;62314;63073;64327;65243;66063;68096;70003;72712;76131;79659;82832;84838;35-39;female
Jizzakh region;36292;37728;39177;40881;42210;43026;45601;48434;50260;53486;57808;59209;35-39;female
Kashkadarya region;89375;91594;95253;98915;102718;107195;112263;117028;123856;130695;136648;141250;35-39;female
Navoi region;31106;31395;32090;32973;33906;35502;37066;38676;40421;42335;43963;44869;35-39;female
Namangan region;86937;86904;88298;89334;91354;94893;97890;101055;105396;109800;113662;117855;35-39;female
Samarkand region;106236;109899;113711;117374;121824;127143;132648;138937;145979;153054;159784;165210;35-39;female
Surkhandarya region;71580;73167;75629;78477;81701;85413;89673;93869;98928;103742;108738;112765;35-39;female
Syrdarya region;23354;24951;26349;27764;29009;30730;32322;34021;35979;38176;40299;41585;35-39;female
Tashkent region;87712;91250;93908;95646;97895;101649;104850;109099;114595;117086;121947;125142;35-39;female
Fergana region;118154;118503;120968;122981;124080;126642;130082;132970;138600;144049;150802;156977;35-39;female
Khorezm region;61486;62025;63789;65123;66609;68811;71368;73551;76304;79204;81265;82808;35-39;female
Tashkent city;85491;86796;89871;90642;90604;93103;95220;99536;108760;118228;124125;128017;35-39;female
Republic of Karakalpakstan;97655;98903;100076;101954;104386;107332;110587;114562;117945;119761;122426;126251;40-49;female
Andijan region;171802;175241;177754;179959;182794;185661;187673;191396;192611;194473;197142;200581;40-49;female
Bukhara region;111485;112603;113721;115349;117508;119461;120809;123627;124765;125815;127035;129681;40-49;female
Jizzakh region;63259;63271;63745;64533;66100;67541;69170;71628;73920;76024;77748;81652;40-49;female
Kashkadarya region;150351;152642;155402;157712;161500;165685;169050;175440;179360;184984;190773;197470;40-49;female
Navoi region;51037;51766;52196;53080;54331;55659;57518;59436;61268;63173;65226;67093;40-49;female
Namangan region;144004;148147;151207;154854;158689;161546;164289;168866;171830;175222;178950;181734;40-49;female
Samarkand region;183705;184427;186249;188343;192316;196732;201086;207736;212997;220099;227941;236872;40-49;female
Surkhandarya region;120563;122608;125101;127433;130657;133930;136788;141079;144529;148533;152868;158532;40-49;female
Syrdarya region;39682;39284;39448;39999;40941;42098;43796;45926;47920;49796;52509;55597;40-49;female
Tashkent region;165087;163478;162872;163938;165325;167136;170302;174239;176140;174269;179140;186368;40-49;female
Fergana region;204745;208365;212287;215214;219913;223389;226418;232484;235529;238066;240754;244085;40-49;female
Khorezm region;94354;97541;100694;104125;107689;111578;114775;118867;121874;124626;127579;130472;40-49;female
Tashkent city;161866;162621;161117;162823;165817;168164;169691;172545;179009;188335;194878;200936;40-49;female
Republic of Karakalpakstan;68373;72290;75899;79294;82210;84151;85562;86407;87499;89525;91654;92783;50-59;female
Andijan region;121417;128002;134566;140877;145872;149522;152714;155056;158249;161617;165023;168560;50-59;female
Bukhara region;81401;85945;90179;93840;97261;99565;101249;102099;103413;105004;106874;108012;50-59;female
Jizzakh region;49572;52065;54171;56275;57568;58524;59218;59567;59965;60551;60624;60687;50-59;female
Kashkadarya region;108819;115243;121065;126245;130715;133771;136904;138156;139730;141271;143479;145206;50-59;female
Navoi region;40175;41872;43538;44975;46132;46698;47268;47201;47326;47685;48270;49236;50-59;female
Namangan region;101808;107813;113761;118756;122567;125724;128745;130367;132491;135548;138459;142578;50-59;female
Samarkand region;145723;153507;159908;165988;169639;172282;174533;174737;175389;175886;176174;176765;50-59;female
Surkhandarya region;83413;88822;93506;98149;101327;103975;106626;108374;110095;112004;114537;116273;50-59;female
Syrdarya region;31316;32987;34325;35599;36351;36942;37188;37308;37351;37563;37415;37120;50-59;female
Tashkent region;136996;142850;147311;150976;153983;155640;156691;157112;157063;152993;152388;151705;50-59;female
Fergana region;150078;158587;165927;172936;178148;182606;185851;187785;190350;193587;197334;201357;50-59;female
Khorezm region;65563;69329;72467;75480;78163;79934;81715;83239;85026;87250;90238;93468;50-59;female
Tashkent city;142264;144844;146094;146956;147911;146572;148562;149931;154766;162095;164774;167019;50-59;female
Republic of Karakalpakstan;18383;19538;21144;21781;23338;25080;27509;29907;32430;34929;36922;38357;60-64;female
Andijan region;32633;35887;38922;40537;43674;46107;50892;55050;59343;62824;66588;68322;60-64;female
Bukhara region;21337;23761;25914;27768;29426;30736;33615;36439;39272;42456;45343;46850;60-64;female
Jizzakh region;13118;14537;15985;16979;18507;19616;21215;22471;24034;25324;26458;27360;60-64;female
Kashkadarya region;26773;29503;32747;35211;38564;41486;45519;49601;53209;56748;59500;61654;60-64;female
Navoi region;11188;11986;12791;13533;14328;15026;16452;17962;19176;20358;21397;21940;60-64;female
Namangan region;26100;28477;30784;32692;35552;38249;42511;46491;50428;53283;56098;57673;60-64;female
Samarkand region;38692;41736;45073;47680;52503;56282;61891;66980;71669;75311;78943;81188;60-64;female
Surkhandarya region;19971;21860;24092;25679;28411;30818;34202;37601;40968;43829;45851;47536;60-64;female
Syrdarya region;7990;8762;9592;10205;11278;11990;13100;13973;14914;15633;16472;16896;60-64;female
Tashkent region;39697;42898;46089;48725;52108;54840;59217;62502;65458;66322;69006;70645;60-64;female
Fergana region;41266;44961;48122;50035;53951;57114;63230;68871;74572;79118;83087;85165;60-64;female
Khorezm region;17886;19384;21056;21786;23264;24811;27213;29513;31790;34112;35883;37027;60-64;female
Tashkent city;52508;54683;56468;57848;58974;61863;63522;65456;67721;72648;73785;75397;60-64;female
Republic of Karakalpakstan;31236;32061;32927;34893;36578;38468;40345;42729;44915;47905;50887;54853;65-gt;female
Andijan region;57990;58316;59324;62623;65661;69326;72772;76828;81243;86769;92748;100364;65-gt;female
Bukhara region;38028;38602;39710;41684;44024;47052;49807;52907;56019;59342;63305;68822;65-gt;female
Jizzakh region;25073;25636;26515;28074;29472;31514;33531;35847;38061;40718;43476;46358;65-gt;female
Kashkadarya region;49320;50389;51243;54124;56572;59777;63219;67295;71751;76782;81756;87923;65-gt;female
Navoi region;18002;18369;18821;19817;20845;22266;23731;25164;26677;28396;30731;33226;65-gt;female
Namangan region;48131;48625;49532;51776;54295;57071;59830;62881;66379;71417;76367;82696;65-gt;female
Samarkand region;65849;67456;69908;73903;77364;82051;86654;92424;98248;105700;113428;122513;65-gt;female
Surkhandarya region;38836;39336;40080;41956;43712;45876;48086;51033;53814;57525;61216;65796;65-gt;female
Syrdarya region;10830;11253;11747;12530;13092;13966;14971;16171;17452;18951;20528;22413;65-gt;female
Tashkent region;73817;75008;77077;80404;83742;88336;92681;98067;102809;104988;112014;120542;65-gt;female
Fergana region;78432;79151;80636;84357;88160;92712;97169;102041;107232;113932;121382;131197;65-gt;female
Khorezm region;31266;31767;32359;34364;35959;37881;39731;41861;43905;46667;49666;53678;65-gt;female
Tashkent city;102751;105485;109430;113705;118218;123417;128306;134479;139608;146703;156434;164517;65-gt;female
Republic of Karakalpakstan;56736;56977;59325;60176;60578;58542;57293;57926;59437;60507;61759;64076;0-2;male
Andijan region;89918;91483;96625;101561;103868;103165;106735;110923;118290;122445;127622;131644;0-2;male
Bukhara region;52269;53125;55957;58547;59212;58619;59245;60945;63196;64072;65992;68605;0-2;male
Jizzakh region;39641;39971;41747;44578;46876;47398;48231;50529;54666;58850;61365;62621;0-2;male
Kashkadarya region;99286;102755;107842;112173;115709;116304;118167;122391;130093;138376;144870;150228;0-2;male
Navoi region;27820;28363;29249;30281;30974;31221;32096;33116;34815;37350;39117;40477;0-2;male
Namangan region;79327;82004;87195;93123;96135;95552;97586;102428;109404;115971;121366;125779;0-2;male
Samarkand region;115038;117551;123496;128208;131262;131604;135536;141280;148397;155931;162978;169339;0-2;male
Surkhandarya region;80419;82730;85656;90803;94406;96224;97084;101131;106861;114445;119855;126156;0-2;male
Syrdarya region;24490;24454;25313;26144;26750;26681;26861;28385;30324;32984;34363;35458;0-2;male
Tashkent region;82819;82600;84270;86827;87746;85698;85621;89238;94915;99324;105339;109899;0-2;male
Fergana region;104963;106036;110501;116461;119089;118654;120317;125095;134068;143149;150412;157020;0-2;male
Khorezm region;54049;54851;57378;59673;60250;58904;59293;60399;62666;64113;66255;69540;0-2;male
Tashkent city;59566;60027;61748;63459;65838;67149;68963;72574;79880;90090;100264;109399;0-2;male
Republic of Karakalpakstan;56716;58044;57126;56986;57241;59726;60802;61318;58782;57239;57718;59361;3-5;male
Andijan region;91716;94469;92082;90522;91920;96966;101892;104260;103267;106669;110747;118513;3-5;male
Bukhara region;51679;52908;52533;52104;52918;55681;58051;58695;57944;58776;60587;63109;3-5;male
Jizzakh region;40443;41122;40401;40049;40236;42064;44889;47166;47507;48192;50402;54753;3-5;male
Kashkadarya region;94899;97964;98841;101766;104972;109528;113870;117092;116370;117809;121928;130527;3-5;male
Navoi region;26846;27318;27694;27851;28459;29464;30704;31409;31477;32137;33097;34783;3-5;male
Namangan region;81054;80867;79811;79254;81884;86990;92883;95797;95124;97160;101997;109384;3-5;male
Samarkand region;113685;117874;116116;117088;119119;125149;130405;133606;132828;136101;141443;149011;3-5;male
Surkhandarya region;76355;78973;79949;81688;83629;86705;91969;95861;96839;97250;101080;107524;3-5;male
Syrdarya region;25517;25673;24992;24549;24467;25306;26140;26733;26586;26722;28232;30292;3-5;male
Tashkent region;83990;85566;85327;82747;82402;83966;86499;87306;84892;82839;86423;92730;3-5;male
Fergana region;105208;105999;106245;105092;106075;110491;116436;118990;118287;119918;124683;134351;3-5;male
Khorezm region;55896;55962;55902;53906;54697;57190;59469;60004;58539;58944;60099;62626;3-5;male
Tashkent city;65467;65690;63569;60601;60960;63319;66107;69404;72754;75972;78539;83497;3-5;male
Republic of Karakalpakstan;32425;34703;36718;38919;38995;37186;37958;39203;39881;41360;40616;37769;6-7;male
Andijan region;48931;52816;60086;63634;63020;60556;59727;62789;66789;69435;69868;68225;6-7;male
Bukhara region;30923;32205;33595;34960;35769;34421;34032;35966;37736;39190;39162;37930;6-7;male
Jizzakh region;24397;25023;26868;27816;27504;26843;26713;27274;28687;31150;32212;31346;6-7;male
Kashkadarya region;53896;57157;62760;65505;65733;66475;69184;72078;74092;77341;78907;77126;6-7;male
Navoi region;16059;16893;17582;18019;18451;18594;18702;19322;20245;20789;21050;20994;6-7;male
Namangan region;43641;48402;54276;54565;53030;53002;52875;55059;60656;63755;63767;63059;6-7;male
Samarkand region;67336;70357;75637;79503;78284;78347;79173;81716;86087;89422;89247;88643;6-7;male
Surkhandarya region;43976;46059;50415;53214;52558;54113;56089;56407;58910;63861;65028;63896;6-7;male
Syrdarya region;14824;15980;16963;17235;17006;16423;16148;16514;17098;17699;17866;17609;6-7;male
Tashkent region;46570;50452;54241;57346;57824;55538;54394;54735;56581;56827;56438;53884;6-7;male
Fergana region;59185;65794;69942;69738;71740;70931;68765;71479;76135;78942;79835;78145;6-7;male
Khorezm region;31923;34741;36084;37530;38051;36054;35463;36830;39251;40127;39588;38497;6-7;male
Tashkent city;36583;39825;42992;45355;43924;41270;41397;42876;46241;49725;50948;50784;6-7;male
Republic of Karakalpakstan;130541;128622;129853;130716;132629;136692;139695;142367;145143;149011;152563;155385;8-15;male
Andijan region;192680;190218;188369;192366;201259;210457;217904;225206;231268;239355;249293;256113;8-15;male
Bukhara region;117603;116854;117531;119814;122432;125677;128327;130591;132626;135950;139732;143251;8-15;male
Jizzakh region;95106;94273;94760;95921;98217;100462;102414;104266;105571;106987;109746;112987;8-15;male
Kashkadarya region;226456;222469;221130;221904;225669;231137;236779;242510;249626;259370;270290;279795;8-15;male
Navoi region;60011;59720;60394;61643;63240;65107;67232;69281;70678;72679;74923;76487;8-15;male
Namangan region;176374;173467;172554;176977;183617;189311;193480;198952;202994;210215;220106;225674;8-15;male
Samarkand region;256592;252210;256440;259578;269436;277606;285327;293779;301189;310581;320077;329477;8-15;male
Surkhandarya region;181132;175212;174761;175681;179986;185551;189718;196585;202771;209419;217624;227045;8-15;male
Syrdarya region;55893;55556;56205;57728;59505;61266;62361;63543;64535;65754;66779;67436;8-15;male
Tashkent region;178416;175692;176087;181032;187544;196085;202182;208075;211026;210442;215743;218587;8-15;male
Fergana region;231960;227704;227145;233893;241062;250074;257743;265368;268560;276834;285468;289951;8-15;male
Khorezm region;124298;123098;124387;126451;128473;133238;136029;138981;140420;144040;147829;149548;8-15;male
Tashkent city;136280;136005;137741;141696;148252;157138;162489;168589;178576;188882;192629;195000;8-15;male
Republic of Karakalpakstan;32751;33461;32389;32127;33482;32509;31609;31105;31824;31768;31894;34208;16-17;male
Andijan region;59936;55401;52967;50371;46955;45311;46221;45669;45785;48041;48567;52486;16-17;male
Bukhara region;34860;32475;30573;28834;28244;28624;28974;28524;28617;29589;30315;31614;16-17;male
Jizzakh region;28387;26904;24666;23318;23393;23334;23501;23110;23247;24240;24356;24966;16-17;male
Kashkadarya region;69667;65833;59182;57799;58131;55718;54210;54591;53908;53045;53264;56476;16-17;male
Navoi region;17640;16546;15217;14697;14638;14493;14795;14733;15015;15623;15914;16751;16-17;male
Namangan region;57081;52214;47193;44673;42943;41928;42829;42991;42735;43203;43248;48003;16-17;male
Samarkand region;78197;74353;67456;63006;62855;61769;63190;62701;62311;63919;67238;70187;16-17;male
Surkhandarya region;55098;54667;50277;45591;45192;43343;43092;43284;42073;42439;43733;45820;16-17;male
Syrdarya region;15368;14962;14411;13713;13532;13513;14021;14033;13591;13920;14671;15821;16-17;male
Tashkent region;53882;51373;47891;44206;42161;41404;42260;42613;43939;44064;44466;48529;16-17;male
Fergana region;72718;68004;63664;59295;55700;53159;54651;55187;57027;59034;58699;65327;16-17;male
Khorezm region;33085;32758;31573;31126;31695;30373;30121;29872;30215;30930;31501;34306;16-17;male
Tashkent city;37447;36693;35859;34289;33144;32702;33614;34805;37486;40555;41825;45119;16-17;male
Republic of Karakalpakstan;35185;32706;32564;33286;32232;32002;33367;32405;31478;30852;31595;31578;18-19;male
Andijan region;60264;60388;59833;55288;52852;50247;46853;45209;46104;45504;45676;47945;18-19;male
Bukhara region;36409;36548;34816;32399;30512;28783;28040;28413;28750;28225;28370;29443;18-19;male
Jizzakh region;28032;28436;28263;26788;24542;23218;23313;23237;23407;22994;23136;24140;18-19;male
Kashkadarya region;64428;66311;69591;65713;59036;57608;57981;55522;53736;54007;53463;52717;18-19;male
Navoi region;20011;18917;17531;16499;15175;14652;14789;14592;14782;14723;14981;15535;18-19;male
Namangan region;57567;57451;56997;52112;47139;44619;42886;41834;42672;42807;42587;43056;18-19;male
Samarkand region;76314;78778;78142;74144;67219;62773;62644;61569;62839;62238;61973;63703;18-19;male
Surkhandarya region;52656;53231;54999;54554;50176;45496;45130;43274;42863;42964;41781;42246;18-19;male
Syrdarya region;16476;15852;15359;14952;14418;13714;13519;13554;14009;13974;13567;13913;18-19;male
Tashkent region;53064;53653;53643;51114;47690;44030;41990;41307;42079;41160;42528;43869;18-19;male
Fergana region;74391;74360;72636;67891;63546;59177;55596;53100;54523;54989;56805;58815;18-19;male
Khorezm region;35491;34257;33011;32683;31484;31041;31604;30300;29960;29730;30104;30818;18-19;male
Tashkent city;38568;37412;36909;36589;35834;34519;33534;33136;35229;38169;40227;41453;18-19;male
Republic of Karakalpakstan;96039;94653;92245;89432;85883;83250;80240;80370;81140;80055;79017;78514;20-24;male
Andijan region;147748;151669;152992;153724;150840;146207;141134;136156;127546;121508;118470;114348;20-24;male
Bukhara region;92020;92578;93613;92730;90077;86767;83102;78589;74252;71917;70530;69693;20-24;male
Jizzakh region;70876;72231;72591;72513;71119;68893;66234;64153;61133;59022;57699;57404;20-24;male
Kashkadarya region;160950;164320;164788;167376;167554;164469;159564;156996;150587;141908;138027;136867;20-24;male
Navoi region;48288;49442;49373;49283;47505;45303;42751;40419;38554;37096;36692;36512;20-24;male
Namangan region;138335;141604;143902;144666;143036;138537;131834;125543;117240;110227;107627;105871;20-24;male
Samarkand region;190539;192442;194645;197020;194132;189688;182389;176016;166119;159170;154619;154247;20-24;male
Surkhandarya region;126790;131711;132662;134248;133606;134517;130014;127297;121616;114961;109683;107701;20-24;male
Syrdarya region;44599;44536;43284;42184;40598;39202;37688;36412;35374;34537;34316;33938;20-24;male
Tashkent region;146846;143247;138997;136511;133306;130077;126341;121748;114839;106200;102942;101231;20-24;male
Fergana region;178307;181509;185487;188204;185301;179647;172335;164386;153525;144565;139913;135911;20-24;male
Khorezm region;86737;88325;89736;89126;86950;84759;81470;80085;78674;77122;75879;75392;20-24;male
Tashkent city;105089;95524;93388;92256;91734;92130;91969;90906;91977;95240;95790;96189;20-24;male
Republic of Karakalpakstan;89540;92288;93395;93507;94175;93761;92346;90110;87571;83880;81286;78206;25-29;male
Andijan region;131442;134954;137234;140721;143921;146932;150634;152005;152627;149750;145125;140048;25-29;male
Bukhara region;83010;85527;87035;88641;90318;91386;91298;91986;90737;87835;84548;81190;25-29;male
Jizzakh region;60288;62316;64012;67391;69126;70742;71817;72129;71923;70436;68133;65366;25-29;male
Kashkadarya region;142257;149646;154801;157630;161194;163082;164165;163840;164874;164415;161075;155908;25-29;male
Navoi region;45492;46640;47489;47299;48139;48688;49551;49554;49372;47515;45203;42317;25-29;male
Namangan region;119470;124143;127757;132091;135017;138214;141094;143202;143810;142065;137482;130704;25-29;male
Samarkand region;165199;172665;176807;180553;184427;188841;189926;191823;194079;191123;186857;179620;25-29;male
Surkhandarya region;110490;114865;118146;121556;125530;127684;131207;131753;132842;131864;132568;127882;25-29;male
Syrdarya region;41690;43166;44450;44907;44914;44557;44077;42756;41637;40070;38691;37203;25-29;male
Tashkent region;135543;140136;143123;145000;144965;143317;140579;137072;134713;127835;124878;121615;25-29;male
Fergana region;156926;163609;166512;169293;173447;177951;180654;184455;186866;183901;178208;170778;25-29;male
Khorezm region;82690;84258;84205;84891;85592;86814;87921;89130;88187;85842;83650;80365;25-29;male
Tashkent city;109260;108623;103692;99937;96476;94170;93408;94903;99120;105166;106764;107182;25-29;male
Republic of Karakalpakstan;70096;72999;75848;79466;83041;87046;89920;91169;91452;91992;91405;89723;30-34;male
Andijan region;107112;110534;114668;120172;125249;130102;133553;135929;139322;142488;145468;149132;30-34;male
Bukhara region;67042;68640;70955;74829;78497;82043;84291;85645;86806;88239;89155;89238;30-34;male
Jizzakh region;43503;46198;49143;50784;54301;59508;61441;63119;66363;68099;69734;70732;30-34;male
Kashkadarya region;108092;113514;118354;126166;134284;141557;148111;152791;154394;157367;158834;159568;30-34;male
Navoi region;37284;38369;39538;41122;42622;44225;45726;46759;46534;47565;48122;48706;30-34;male
Namangan region;97029;100744;103718;108616;113946;118420;122986;126551;130726;133593;136826;139606;30-34;male
Samarkand region;127481;133016;140227;148018;156414;163114;170412;174389;177629;181256;185642;186635;30-34;male
Surkhandarya region;85012;88753;93422;98850;104352;109499;113489;116652;119578;123296;125352;128821;30-34;male
Syrdarya region;31349;32774;34695;36598;38841;41036;42493;43762;44110;44186;43830;43396;30-34;male
Tashkent region;107180;109675;114235;119522;126090;132177;137368;140981;142946;138660;137206;135015;30-34;male
Fergana region;128769;132270;135126;141198;148104;155345;162002;164890;167628;171762;176175;178834;30-34;male
Khorezm region;68311;70815;72981;76018;79048;81795;83264;83129;83605;84307;85454;86516;30-34;male
Tashkent city;96012;97451;101141;103144;105983;108067;109718;107021;108911;112287;111570;111632;30-34;male
Republic of Karakalpakstan;58411;59834;62276;64103;65781;68418;71356;74177;77755;81146;84930;87488;35-39;male
Andijan region;98321;98375;99818;100784;102517;105682;109123;113239;118585;123653;128468;131867;35-39;male
Bukhara region;60431;61298;62815;63764;64365;66350;67698;69895;73251;76633;79930;82300;35-39;male
Jizzakh region;36552;37711;39321;40973;42502;42797;45512;48448;49906;53308;58442;60279;35-39;male
Kashkadarya region;88310;90881;95284;99307;102663;107094;112241;116700;122954;130523;137475;143810;35-39;male
Navoi region;30799;31591;32604;33655;34653;36100;37492;38813;40399;41893;43618;44775;35-39;male
Namangan region;87493;87879;89771;90885;92736;95880;99619;102544;107155;112393;116773;121259;35-39;male
Samarkand region;103781;107039;110794;115013;119373;125722;131280;138207;145141;153255;159773;166862;35-39;male
Surkhandarya region;70142;71716;74477;77330;80283;83796;87532;92073;96873;102068;106970;110748;35-39;male
Syrdarya region;24214;25478;26656;27933;29266;30735;32121;33994;35831;38050;40254;41649;35-39;male
Tashkent region;88832;92187;95065;97128;99879;104215;106861;111538;116942;120113;125861;131155;35-39;male
Fergana region;116668;117587;120995;123290;124604;127202;130670;133501;139282;146098;153291;159935;35-39;male
Khorezm region;60478;60928;62616;64058;65478;67458;69916;72014;74679;77529;80203;81622;35-39;male
Tashkent city;90063;88308;89576;90829;92293;95002;97252;103173;111197;120484;124953;127866;35-39;male
Republic of Karakalpakstan;92421;94671;96572;99388;102716;105702;108889;112472;115926;118928;121862;125743;40-49;male
Andijan region;165445;169427;172342;175764;180116;183343;186464;190099;192552;195787;199057;202444;40-49;male
Bukhara region;106117;107710;109167;111197;113625;115351;117122;120178;121567;122129;122884;125085;40-49;male
Jizzakh region;58690;59449;60194;61903;63915;65641;68186;71284;74223;76328;77094;80839;40-49;male
Kashkadarya region;137930;140545;143993;147137;152199;157204;162349;170618;176608;182460;188465;195498;40-49;male
Navoi region;55159;55498;55903;56892;57851;58835;59487;59997;61182;63116;64671;66684;40-49;male
Namangan region;138956;142650;146271;150079;154861;158516;161813;166866;170789;175218;179128;183061;40-49;male
Samarkand region;169250;170560;173101;176708;181612;186262;192446;200020;207224;214170;222269;230649;40-49;male
Surkhandarya region;117599;120110;122485;125220;128850;132292;134912;137873;140918;144635;148653;153721;40-49;male
Syrdarya region;37766;38267;39023;40223;41526;42893;45276;47555;49384;51085;52866;55553;40-49;male
Tashkent region;156045;155717;156027;158439;161157;163476;168085;172824;176494;174478;179174;185250;40-49;male
Fergana region;198208;202418;206426;209730;214562;218481;222124;228431;231892;235208;237859;241914;40-49;male
Khorezm region;89728;93878;97387;101062;105341;109288;113151;117195;120372;123398;124201;126853;40-49;male
Tashkent city;156768;160715;161204;164117;167518;170880;172541;175696;183407;193832;199865;203972;40-49;male
Republic of Karakalpakstan;62262;65367;68598;71354;73898;75461;77441;79175;80840;82659;84926;86846;50-59;male
Andijan region;117277;123223;129014;134221;138052;141410;143807;146447;148997;151868;155656;159770;50-59;male
Bukhara region;76962;80766;84448;87406;90630;92718;93993;94882;95473;97537;100207;101773;50-59;male
Jizzakh region;46664;48702;50435;51681;52462;53130;53174;52767;52962;53936;54837;55739;50-59;male
Kashkadarya region;107063;112598;116579;120450;123310;125483;126695;126143;125481;126592;129134;131018;50-59;male
Navoi region;39326;41097;42552;43614;44831;45576;47574;49253;50061;50161;51103;51744;50-59;male
Namangan region;101402;107147;112222;116560;119477;121804;123766;125239;126062;127863;130980;134673;50-59;male
Samarkand region;138288;145059;150236;153850;156073;157491;157660;156539;155731;156224;157630;158871;50-59;male
Surkhandarya region;82102;86786;90764;94101;96325;98200;100794;103622;105346;107103;109766;112033;50-59;male
Syrdarya region;28783;30006;30961;31725;32073;32386;32283;32189;32669;33444;34392;35011;50-59;male
Tashkent region;125195;130533;134257;136958;139228;140509;140753;141027;141050;138349;139012;139534;50-59;male
Fergana region;143482;151242;157920;163909;168503;172732;175637;178148;180602;183363;187651;191740;50-59;male
Khorezm region;60509;63406;66320;68833;70980;72385;73781;75388;77025;79285;84032;88173;50-59;male
Tashkent city;117208;120491;123163;125294;127030;128187;130402;133483;139376;147913;153083;158423;50-59;male
Republic of Karakalpakstan;16649;17797;18815;19499;20783;22361;24135;26237;28195;30435;31948;33176;60-64;male
Andijan region;30691;33920;36624;38086;40804;42810;46872;50640;54621;58187;61251;62924;60-64;male
Bukhara region;19927;22304;24053;25738;27024;28657;31061;33464;36166;39099;41063;42354;60-64;male
Jizzakh region;12066;13342;14664;15501;16844;17976;19360;20701;21803;22897;23644;24185;60-64;male
Kashkadarya region;26729;29183;32311;34807;37780;40478;44212;47657;50878;53820;55729;57208;60-64;male
Navoi region;10050;10933;11834;12688;13486;14304;15602;16873;17959;19168;20047;20661;60-64;male
Namangan region;25393;27471;29232;31017;33908;36797;41152;45042;48896;51773;53805;55037;60-64;male
Samarkand region;35099;37742;41016;44136;48584;52447;57603;62229;65759;68573;70670;72168;60-64;male
Surkhandarya region;19751;21626;23676;25321;27949;30227;33471;36509;39099;41372;42905;43919;60-64;male
Syrdarya region;7129;7827;8548;9006;9933;10651;11559;12403;13137;13615;14045;14163;60-64;male
Tashkent region;34422;37191;40200;42604;45215;47477;51248;53934;56056;57153;59354;60930;60-64;male
Fergana region;37552;40615;43422;45705;49345;52510;58469;63576;68550;72650;76287;77761;60-64;male
Khorezm region;15643;16956;18416;19153;20516;22009;24107;26421;28276;30252;31784;32220;60-64;male
Tashkent city;39513;41151;42511;43437;44515;46016;48494;50231;51716;56122;58701;60252;60-64;male
Republic of Karakalpakstan;26680;27123;27773;29103;30396;31884;33381;35092;36371;38674;41044;43830;65-gt;male
Andijan region;47902;48207;49164;52039;54737;58214;61321;64931;68352;72879;77886;84178;65-gt;male
Bukhara region;32386;33037;34221;35961;38088;40553;43070;45750;48078;51213;54780;59368;65-gt;male
Jizzakh region;19182;19510;20123;21482;22591;24047;25501;27349;28966;31162;33269;35300;65-gt;male
Kashkadarya region;44134;45056;46033;48348;50572;53457;56403;60311;63927;68330;72264;77450;65-gt;male
Navoi region;15465;15796;16228;17011;17836;18938;20264;21551;22730;24246;26277;28395;65-gt;male
Namangan region;41140;41679;42800;44874;47205;49895;52454;55269;58263;62806;67504;73224;65-gt;male
Samarkand region;54360;55698;57487;60478;63376;67178;71066;75793;80430;86552;92816;100178;65-gt;male
Surkhandarya region;35527;35822;36504;38234;39717;41674;43593;46042;48116;51308;54384;58274;65-gt;male
Syrdarya region;8993;9247;9584;10265;10780;11435;12193;13045;13945;15073;16282;17650;65-gt;male
Tashkent region;50877;51912;53678;56706;59780;63809;67323;71837;75445;77335;82747;89375;65-gt;male
Fergana region;63466;64331;65801;69136;72454;76018;79632;83691;88077;94214;100288;109026;65-gt;male
Khorezm region;25610;26051;26423;27897;29073;30643;32112;33673;34909;36871;39101;42364;65-gt;male
Tashkent city;55799;57905;61020;64607;68096;71946;75347;79718;82808;88660;94510;101276;65-gt;male
